Coefficient,Values
m,342.1121676874358
k,0.4519671034535056
C,202.81138958706026
